id;full_name;first_name;last_name;other_name_1;other_name_2;other_name_3;position_bl;date_of_birth_bl;country_bl_1;country_bl_2;legal_id_type_bl_1;legal_id_number_1;legal_id_type_bl_2;legal_id_number_2;other_inf_legal_1;other_inf_legal_2;address_bl_1;address_bl_2;address_now_bl_1;address_now_bl_2;type_bl;source;record_status;upload_file_id;co_code;createdBy;date_created;authoriseBy;date_authorise;created_by;date_created
1;Balanced;Abigayle;Kautzer;1080p Future;Gorgeous;generating Ford;Virginia;Texas;application Towels;transform navigating incentivize;Fork Idaho;streamline Gloves withdrawal;Senior;SDD;2023-11-05T07:35:09;2023-11-05T14:41:10;Fantastic Dynamic Decentralized;frame back-end Home;Shoes El;flexibility protocol;partnerships Mews;responsive;Rubber orange;Small;benchmark green;Checking Taka Fantastic;2023-11-05T16:35:29;unleash;2023-11-06T02:07:04;adapter adapter Gourde;Australia Dollar
2;generating programming Tala;Vinnie;Jacobs;empower Nebraska Fantastic;Account;Infrastructure Forint;Qatar invoice Licensed;Avon transmit;EXE;auxiliary Azerbaijanian;Visionary Throughway Security;Tanzania Representative Wisconsin;Technician;Brand;2023-11-05T21:20:11;2023-11-06T06:08:09;vertical parallelism Checking;Gloves Ohio SMS;lavender Shoes withdrawal;cyan;Algeria and Plastic;Account Wooden Route;Rustic lavender Tennessee;Strategist Virginia;teal Account payment;Awesome Montana white;2023-11-06T05:03:43;Bedfordshire hybrid Steel;2023-11-06T06:21:52;Street Assistant;invoice
3;Books sensor;Lamont;Kihn;concept;index Director Customer;bricks-and-clicks next-generation;models;quantifying Handcrafted;Alaska Integration SMTP;indigo quantify Diverse;primary functionalities;Enhanced;AI Technician;open-source;2023-11-05T12:15:28;2023-11-05T11:47:23;overriding turquoise Swedish;interactive;application;zero Mariana;grey Practical Legacy;Generic;red Communications;Paradigm;strategize;Samoa dedicated world-class;2023-11-05T13:30:04;Republic;2023-11-05T23:38:46;mint Handmade generating;Shoes Liaison supply-chains
4;out-of-the-box violet Virginia;Abel;Corwin;Credit;quantify Future parsing;Small Malagasy maximized;morph Roads;Grenada payment;Jewelery collaboration;models Steel;maximize;Gloves Idaho;supply-chains Shirt experiences;Orchestrator;2023-11-05T16:30:01;2023-11-06T04:31:07;Sahara Account Burundi;Buckinghamshire olive Saint;Place Metal;Maine clicks-and-mortar;needs-based back;New Dynamic eyeballs;teal green architectures;edge;Investor Business-focused;Account Loan;2023-11-05T08:08:44;Handmade Minnesota;2023-11-05T22:08:50;fuchsia Grocery backing;Tuna
5;back-end;Nicolas;Anderson;Administrator policy;Small emulation Fort;Computer Sausages Account;Arizona reciprocal;orange;Wooden;turquoise Buckinghamshire;Factors Pataca Iranian;Quality;Rupee;multimedia Grocery application;2023-11-05T18:48:20;2023-11-05T09:54:38;azure multi-tasking;Licensed Soft logistical;Reactive value-added;IB indigo blockchains;India protocol;Right-sized withdrawal engage;SCSI Outdoors compress;Response;Colorado;Representative Coordinator;2023-11-05T10:33:04;Applications focus Accountability;2023-11-05T11:10:07;Dollar;interface
6;Cambridgeshire;Casimer;Fahey;calculate Hat payment;Direct Sleek;Metal Upgradable Buckinghamshire;Mountain portals Maryland;repurpose;ADP generation indexing;Tasty calculate withdrawal;compress Legacy alliance;Kentucky Account Supervisor;Business-focused infrastructures virtual;Freeway;2023-11-05T20:13:15;2023-11-05T15:51:24;back enable;sexy Buckinghamshire Automotive;Berkshire improvement;Netherlands Movies;Up-sized;copy;Marks hacking;silver;generation Virtual Central;Chair Poland;2023-11-05T22:12:59;Lodge;2023-11-05T08:01:51;streamline Tuna withdrawal;pixel deposit
7;SMS;Brandi;Rodriguez;Solutions internet;Kina Tactics;Officer payment AI;Rubber pink Kids;Reverse-engineered Liaison;next-generation Inverse communities;RSS;Ball;Function-based;SSL;incentivize infomediaries customized;2023-11-05T14:04:45;2023-11-05T07:26:32;Loan Fiji Grocery;PNG bus Granite;Synergized;Soft District Regional;Dynamic Synchronised;Zimbabwe;withdrawal;Dram;FTP Rubber Spur;Dakota PNG Cotton;2023-11-05T19:24:07;user-facing Optimized International;2023-11-05T15:11:52;Clothing District Stravenue;Consultant dot-com
8;Borders;Shakira;Rowe;clear-thinking override superstructure;Gibraltar Checking;black wireless Metal;seamless Home;Unions black Creative;Borders overriding Wells;contingency;Field User-centric;Handcrafted Generic;Incredible;payment;2023-11-06T02:17:56;2023-11-05T08:21:56;Kansas pink orchestration;Shoes Assistant;collaborative incubate Malta;transmitter Utah;mobile;cyan Dollar;Chicken;Outdoors schemas Compatible;foreground Maryland;success Ergonomic Manors;2023-11-05T18:51:15;static;2023-11-05T20:12:32;SDD;Nebraska Frozen
9;enhance Cotton whiteboard;Demario;Maggio;Avon;needs-based Yen;eyeballs Chair Credit;payment;invoice fresh-thinking Metrics;Coordinator;Producer;array Account;Officer;withdrawal copy Personal;Rustic Oman;2023-11-06T01:15:47;2023-11-06T04:10:48;24/365;Account;generate;XSS;Nakfa;Cambridgeshire Cambridgeshire Dollar;Pants;olive Chips;Dinar solution-oriented Dynamic;Practical Ouguiya implementation;2023-11-05T14:05:27;connecting customized Belarus;2023-11-05T10:06:28;Engineer Account matrix;Islands Valleys Decentralized
10;Granite Right-sized;Savannah;McKenzie;Brunei teal;modular Lake;cutting-edge;Fresh;indexing;Automotive SCSI;orange Loan transmitter;withdrawal Avon;azure;Kentucky;Islands;2023-11-06T00:35:03;2023-11-05T07:50:50;Associate Steel multimedia;generating Buckinghamshire Licensed;Communications protocol Litas;Dominica;Salad Regional;Avon;navigating;Georgia Zealand;AI invoice Missouri;Investor;2023-11-06T02:15:02;Tennessee Madagascar Account;2023-11-05T18:32:26;Steel orchestrate;Future
