id;source_name;source_file_prefix;template_cols;template_ref;source_cols;source_ref;record_status;createdBy;date_created;authoriseBy;date_authorise
1;extend Romania SQL;array;dot-com Springs Auto;synergize Chair supply-chains;application turquoise;Towels interface calculating;wireless Consultant copy;well-modulated;Loan primary;Fantastic overriding;Loan
2;Buckinghamshire;invoice;1080p Pataca up;Configuration brand intermediate;high-level Colombia Run;Planner;Algeria;Shilling Cambridgeshire Towels;Krona;index application;solid
3;Loan synthesize;Human bleeding-edge state;Vermont regional;monitor XML extranet;Buckinghamshire;Assistant bypassing override;unleash Keys infrastructure;Associate Awesome;Fantastic Fantastic Borders;envisioneer COM withdrawal;firewall cultivate
4;Architect;Avon Group black;partnerships Soap knowledge;grid-enabled;Florida seamless;Senior;SCSI Savings;Expanded Antillian;Small Rufiyaa reboot;monitor Legacy Cambridgeshire;mission-critical
5;Colorado PCI;1080p Sports content;compressing;lime;Liaison Arizona alarm;Ridge Market Futuna;mindshare;Carolina B2B;Avon;Bike background online;Rustic
6;Metal Minnesota invoice;convergence;Customizable copy Netherlands;Belarussian FTP;virtual Indiana Pants;tan Officer Ruble;Pizza attitude-oriented Down-sized;quantify quantify;synthesize payment turquoise;JBOD Micronesia;Avon architectures
7;service-desk;syndicate;payment;Cotton;rich directional sticky;Response Unions Oman;Frozen orchestration monitor;human-resource system Strategist;Industrial Tools;installation 1080p Buckinghamshire;Web
8;Indiana mobile;Garden Industrial;copying;Utah payment;mobile;index Fully-configurable Loan;synthesize port Home;reinvent;overriding partnerships;cyan Practical Supervisor;process
9;Borders;Accountability Unbranded withdrawal;Movies;Sausages EXE;Open-architected;Managed application;Integration District Hawaii;copying Research;Peso Chips Usability;neural Global compress;Streamlined synergies
10;calculating methodologies;Soft Rubber;Plastic;Trinidad Shoes;withdrawal;methodical;composite Borders French;Games synergistic Wooden;programming Connecticut;base;gold Mews panel
