id;key_id;key_value;operator;parent_key;description;created_by;date_created
1;Music payment Peru;pixel Small Dakota;Mill;orchid;Alabama generation program;Zambian;Shoes generate
2;Administrator Chair AGP;throughput;Crest;generating transmit;Fresh up Denar;orchestrate;withdrawal Optimization users
3;Towels;regional Licensed Shirt;Auto Credit;microchip Lesotho;JSON Infrastructure distributed;complexity;Officer
4;Shoes;back-end Applications program;primary;Strategist Hawaii Officer;Jersey interfaces Spurs;impactful Synchronised interfaces;Ridge Handcrafted Agent
5;Mouse;Marketing;Timor-Leste Implementation invoice;feed;system Buckinghamshire plum;Arizona Licensed hub;engage
6;application Soft firewall;driver JBOD;transition matrix;aggregate Maine International;strategize Metal engineer;Technician bypass Garden;ADP
7;silver initiatives implementation;Gloves;compress multimedia;Supervisor;Borders Checking 1080p;Naira;Bedfordshire New
8;withdrawal;Toys redundant Shoes;compressing Bedfordshire Ridge;Plastic;Visionary;TCP open-source;partnerships value-added withdrawal
9;rich sky digital;card reboot;green Carolina Data;Pennsylvania multi-byte;solid;ADP turn-key Reactive;SAS compelling
10;payment open-source;Shirt 24/7;Dynamic;magnetic;portals;Tuna;Sports
