id;file_name;system_file_name;description;taget_company;validate;service_status;file_size;record_status;upload_by;datetime_upload;authorise_by;datetime_authorise;created_by;date_created
1;Handcrafted Quality-focused Michigan;Coordinator 24/365;Corporate white projection;card Accounts hacking;Rustic Washington;generating technologies Plains;5106;Indiana Soft Lead;Florida;2023-11-05T21:26:20;Maine;2023-11-05T15:06:43;system Customer-focused solution;Granite bottom-line capability
2;system Cotton;Refined Lodge Chair;support Assurance District;auxiliary bypassing Plastic;SMTP Hat;Rubber collaboration North;39369;hard redundant;invoice Soap Credit;2023-11-05T10:01:16;Licensed Gorgeous overriding;2023-11-05T15:00:37;embrace white Swedish;Program Tasty
3;Jordan;withdrawal Paraguay;EXE Chips synergize;transparent Account;bus haptic exuding;haptic Wooden;58895;Bike program;Handcrafted Sleek;2023-11-05T17:11:45;bandwidth harness Madagascar;2023-11-05T08:44:42;Highway Dynamic;Chicken copying
4;Security;application Frozen Sleek;Passage Jewelery User;Highway Island Innovative;Table;HTTP Mexico Operations;50609;Berkshire reboot;CSS;2023-11-05T09:29:36;frictionless technologies benchmark;2023-11-05T14:43:37;Fresh;portal
5;Togo lavender;Gorgeous Account Handmade;Kuwait Texas Fresh;Steel Fall Pizza;Pants;implement Dynamic Rupee;98103;wireless Personal;Fresh Intelligent;2023-11-05T13:21:22;primary deposit;2023-11-05T14:05:35;red Factors JSON;Cambridgeshire International
6;Roads;Clothing;Representative;Luxembourg;cross-platform navigate orange;Orchestrator;42094;Car Wooden;Berkshire SDD Rubber;2023-11-05T20:22:16;Grocery;2023-11-06T05:43:04;solutions Account;policy Islands Trafficway
7;composite Heights application;navigating up digital;SAS;Maine;Massachusetts;withdrawal context-sensitive directional;49073;Meadows Practical up;open-source Avon;2023-11-05T13:11:49;Chair Communications Dollar;2023-11-06T05:33:09;Sports moderator;Senior Granite
8;International Territory;Mandatory parse;Montana;Key architect;Eritrea;Jewelery Pants Fantastic;28152;Bosnia National;portal cultivate Account;2023-11-06T05:40:03;ubiquitous;2023-11-05T22:11:22;Director FTP Factors;bus Business-focused magenta
9;Polarised value-added;infomediaries program;Account AGP;invoice seize;monitor Cotton Specialist;Streamlined Central Barbados;74852;Manat Summit Agent;programming;2023-11-06T00:37:29;Forest;2023-11-05T09:03:57;Credit;Cambridgeshire
10;system;Computer Specialist deposit;Grenada;zero payment generate;Coves Electronics;Steel;53252;Concrete Shoes Home;Tunisia;2023-11-05T20:08:35;Incredible alarm;2023-11-06T02:34:12;Village Tools Manager;reintermediate Paradigm multi-byte
